row_index,column,original_value,new_value,method
0,metrics_path,/home/bt/Documents/BT/Chilli_CrossDataset/results/baselines/densenet121/multisource/A_plus_B_to_C/seed_42/metrics.json,baselines/densenet121/multisource/A_plus_B_to_C/seed_42/metrics.json,anchor
1,metrics_path,/home/bt/Documents/BT/Chilli_CrossDataset/results/baselines/densenet121/multisource/A_plus_C_to_B/seed_42/metrics.json,baselines/densenet121/multisource/A_plus_C_to_B/seed_42/metrics.json,anchor
2,metrics_path,/home/bt/Documents/BT/Chilli_CrossDataset/results/baselines/densenet121/multisource/B_plus_C_to_A/seed_42/metrics.json,baselines/densenet121/multisource/B_plus_C_to_A/seed_42/metrics.json,anchor
3,metrics_path,/home/bt/Documents/BT/Chilli_CrossDataset/results/baselines/efficientnet_b0/multisource/A_plus_B_to_C/seed_42/metrics.json,baselines/efficientnet_b0/multisource/A_plus_B_to_C/seed_42/metrics.json,anchor
4,metrics_path,/home/bt/Documents/BT/Chilli_CrossDataset/results/baselines/efficientnet_b0/multisource/A_plus_C_to_B/seed_42/metrics.json,baselines/efficientnet_b0/multisource/A_plus_C_to_B/seed_42/metrics.json,anchor
5,metrics_path,/home/bt/Documents/BT/Chilli_CrossDataset/results/baselines/efficientnet_b0/multisource/B_plus_C_to_A/seed_42/metrics.json,baselines/efficientnet_b0/multisource/B_plus_C_to_A/seed_42/metrics.json,anchor
6,metrics_path,/home/bt/Documents/BT/Chilli_CrossDataset/results/baselines/shufflenet_v2_x1_0/multisource/A_plus_B_to_C/seed_42/metrics.json,baselines/shufflenet_v2_x1_0/multisource/A_plus_B_to_C/seed_42/metrics.json,anchor
7,metrics_path,/home/bt/Documents/BT/Chilli_CrossDataset/results/baselines/shufflenet_v2_x1_0/multisource/A_plus_C_to_B/seed_42/metrics.json,baselines/shufflenet_v2_x1_0/multisource/A_plus_C_to_B/seed_42/metrics.json,anchor
8,metrics_path,/home/bt/Documents/BT/Chilli_CrossDataset/results/baselines/shufflenet_v2_x1_0/multisource/B_plus_C_to_A/seed_42/metrics.json,baselines/shufflenet_v2_x1_0/multisource/B_plus_C_to_A/seed_42/metrics.json,anchor
9,metrics_path,/home/bt/Documents/BT/Chilli_CrossDataset/results/baselines/mobilenet_v3_small/multisource/A_plus_B_to_C/seed_42/metrics.json,baselines/mobilenet_v3_small/multisource/A_plus_B_to_C/seed_42/metrics.json,anchor
10,metrics_path,/home/bt/Documents/BT/Chilli_CrossDataset/results/baselines/mobilenet_v3_small/multisource/A_plus_C_to_B/seed_42/metrics.json,baselines/mobilenet_v3_small/multisource/A_plus_C_to_B/seed_42/metrics.json,anchor
11,metrics_path,/home/bt/Documents/BT/Chilli_CrossDataset/results/baselines/mobilenet_v3_small/multisource/B_plus_C_to_A/seed_42/metrics.json,baselines/mobilenet_v3_small/multisource/B_plus_C_to_A/seed_42/metrics.json,anchor
12,metrics_path,/home/bt/Documents/BT/Chilli_CrossDataset/results/baselines/swin_t/multisource/A_plus_B_to_C/seed_42/metrics.json,baselines/swin_t/multisource/A_plus_B_to_C/seed_42/metrics.json,anchor
13,metrics_path,/home/bt/Documents/BT/Chilli_CrossDataset/results/baselines/swin_t/multisource/A_plus_C_to_B/seed_42/metrics.json,baselines/swin_t/multisource/A_plus_C_to_B/seed_42/metrics.json,anchor
14,metrics_path,/home/bt/Documents/BT/Chilli_CrossDataset/results/baselines/swin_t/multisource/B_plus_C_to_A/seed_42/metrics.json,baselines/swin_t/multisource/B_plus_C_to_A/seed_42/metrics.json,anchor
15,metrics_path,/home/bt/Documents/BT/Chilli_CrossDataset/results/baselines/mobilenet_v2/multisource/A_plus_B_to_C/seed_42/metrics.json,baselines/mobilenet_v2/multisource/A_plus_B_to_C/seed_42/metrics.json,anchor
16,metrics_path,/home/bt/Documents/BT/Chilli_CrossDataset/results/baselines/mobilenet_v2/multisource/A_plus_C_to_B/seed_42/metrics.json,baselines/mobilenet_v2/multisource/A_plus_C_to_B/seed_42/metrics.json,anchor
17,metrics_path,/home/bt/Documents/BT/Chilli_CrossDataset/results/baselines/mobilenet_v2/multisource/B_plus_C_to_A/seed_42/metrics.json,baselines/mobilenet_v2/multisource/B_plus_C_to_A/seed_42/metrics.json,anchor
18,metrics_path,/home/bt/Documents/BT/Chilli_CrossDataset/results/baselines/resnet50/multisource/A_plus_B_to_C/seed_42/metrics.json,baselines/resnet50/multisource/A_plus_B_to_C/seed_42/metrics.json,anchor
19,metrics_path,/home/bt/Documents/BT/Chilli_CrossDataset/results/baselines/resnet50/multisource/A_plus_C_to_B/seed_42/metrics.json,baselines/resnet50/multisource/A_plus_C_to_B/seed_42/metrics.json,anchor
20,metrics_path,/home/bt/Documents/BT/Chilli_CrossDataset/results/baselines/resnet50/multisource/B_plus_C_to_A/seed_42/metrics.json,baselines/resnet50/multisource/B_plus_C_to_A/seed_42/metrics.json,anchor
21,metrics_path,/home/bt/Documents/BT/Chilli_CrossDataset/results/proposed/chilli_lite_gfnet/multisource/A_plus_B_to_C/seed_42/metrics.json,proposed/chilli_lite_gfnet/multisource/A_plus_B_to_C/seed_42/metrics.json,anchor
22,metrics_path,/home/bt/Documents/BT/Chilli_CrossDataset/results/proposed/chilli_lite_gfnet/multisource/A_plus_C_to_B/seed_42/metrics.json,proposed/chilli_lite_gfnet/multisource/A_plus_C_to_B/seed_42/metrics.json,anchor
23,metrics_path,/home/bt/Documents/BT/Chilli_CrossDataset/results/proposed/chilli_lite_gfnet/multisource/B_plus_C_to_A/seed_42/metrics.json,proposed/chilli_lite_gfnet/multisource/B_plus_C_to_A/seed_42/metrics.json,anchor
24,metrics_path,/home/bt/Documents/BT/Chilli_CrossDataset/results/proposed/chilli_lite_gfnet/within_cv/B_within/seed_45/fold_04/metrics.json,proposed/chilli_lite_gfnet/within_cv/B_within/seed_45/fold_04/metrics.json,anchor
25,metrics_path,/home/bt/Documents/BT/Chilli_CrossDataset/results/proposed/chilli_lite_gfnet/within_cv/B_within/seed_43/fold_02/metrics.json,proposed/chilli_lite_gfnet/within_cv/B_within/seed_43/fold_02/metrics.json,anchor
26,metrics_path,/home/bt/Documents/BT/Chilli_CrossDataset/results/proposed/chilli_lite_gfnet/within_cv/B_within/seed_44/fold_03/metrics.json,proposed/chilli_lite_gfnet/within_cv/B_within/seed_44/fold_03/metrics.json,anchor
27,metrics_path,/home/bt/Documents/BT/Chilli_CrossDataset/results/proposed/chilli_lite_gfnet/within_cv/B_within/seed_42/fold_01/metrics.json,proposed/chilli_lite_gfnet/within_cv/B_within/seed_42/fold_01/metrics.json,anchor
28,metrics_path,/home/bt/Documents/BT/Chilli_CrossDataset/results/proposed/chilli_lite_gfnet/within_cv/B_within/seed_46/fold_05/metrics.json,proposed/chilli_lite_gfnet/within_cv/B_within/seed_46/fold_05/metrics.json,anchor
29,metrics_path,/home/bt/Documents/BT/Chilli_CrossDataset/results/proposed/chilli_lite_gfnet/within_cv/A_within/seed_45/fold_04/metrics.json,proposed/chilli_lite_gfnet/within_cv/A_within/seed_45/fold_04/metrics.json,anchor
30,metrics_path,/home/bt/Documents/BT/Chilli_CrossDataset/results/proposed/chilli_lite_gfnet/within_cv/A_within/seed_43/fold_02/metrics.json,proposed/chilli_lite_gfnet/within_cv/A_within/seed_43/fold_02/metrics.json,anchor
31,metrics_path,/home/bt/Documents/BT/Chilli_CrossDataset/results/proposed/chilli_lite_gfnet/within_cv/A_within/seed_44/fold_03/metrics.json,proposed/chilli_lite_gfnet/within_cv/A_within/seed_44/fold_03/metrics.json,anchor
32,metrics_path,/home/bt/Documents/BT/Chilli_CrossDataset/results/proposed/chilli_lite_gfnet/within_cv/A_within/seed_42/fold_01/metrics.json,proposed/chilli_lite_gfnet/within_cv/A_within/seed_42/fold_01/metrics.json,anchor
33,metrics_path,/home/bt/Documents/BT/Chilli_CrossDataset/results/proposed/chilli_lite_gfnet/within_cv/A_within/seed_46/fold_05/metrics.json,proposed/chilli_lite_gfnet/within_cv/A_within/seed_46/fold_05/metrics.json,anchor
34,metrics_path,/home/bt/Documents/BT/Chilli_CrossDataset/results/proposed/chilli_lite_gfnet/within_cv/C_within/seed_45/fold_04/metrics.json,proposed/chilli_lite_gfnet/within_cv/C_within/seed_45/fold_04/metrics.json,anchor
35,metrics_path,/home/bt/Documents/BT/Chilli_CrossDataset/results/proposed/chilli_lite_gfnet/within_cv/C_within/seed_43/fold_02/metrics.json,proposed/chilli_lite_gfnet/within_cv/C_within/seed_43/fold_02/metrics.json,anchor
36,metrics_path,/home/bt/Documents/BT/Chilli_CrossDataset/results/proposed/chilli_lite_gfnet/within_cv/C_within/seed_44/fold_03/metrics.json,proposed/chilli_lite_gfnet/within_cv/C_within/seed_44/fold_03/metrics.json,anchor
37,metrics_path,/home/bt/Documents/BT/Chilli_CrossDataset/results/proposed/chilli_lite_gfnet/within_cv/C_within/seed_42/fold_01/metrics.json,proposed/chilli_lite_gfnet/within_cv/C_within/seed_42/fold_01/metrics.json,anchor
38,metrics_path,/home/bt/Documents/BT/Chilli_CrossDataset/results/proposed/chilli_lite_gfnet/within_cv/C_within/seed_46/fold_05/metrics.json,proposed/chilli_lite_gfnet/within_cv/C_within/seed_46/fold_05/metrics.json,anchor
39,metrics_path,/home/eecommu06/Documents/BT/Chili_CrossDataset/results/baselines/efficientnet_b0/within_cv/B_within/seed_46/fold_05/metrics.json,baselines/efficientnet_b0/within_cv/B_within/seed_46/fold_05/metrics.json,anchor
40,metrics_path,/home/eecommu06/Documents/BT/Chili_CrossDataset/results/baselines/efficientnet_b0/within_cv/B_within/seed_44/fold_03/metrics.json,baselines/efficientnet_b0/within_cv/B_within/seed_44/fold_03/metrics.json,anchor
41,metrics_path,/home/eecommu06/Documents/BT/Chili_CrossDataset/results/baselines/efficientnet_b0/within_cv/B_within/seed_43/fold_02/metrics.json,baselines/efficientnet_b0/within_cv/B_within/seed_43/fold_02/metrics.json,anchor
42,metrics_path,/home/eecommu06/Documents/BT/Chili_CrossDataset/results/baselines/efficientnet_b0/within_cv/B_within/seed_45/fold_04/metrics.json,baselines/efficientnet_b0/within_cv/B_within/seed_45/fold_04/metrics.json,anchor
43,metrics_path,/home/eecommu06/Documents/BT/Chili_CrossDataset/results/baselines/efficientnet_b0/within_cv/B_within/seed_42/fold_01/metrics.json,baselines/efficientnet_b0/within_cv/B_within/seed_42/fold_01/metrics.json,anchor
44,metrics_path,/home/eecommu06/Documents/BT/Chili_CrossDataset/results/baselines/efficientnet_b0/within_cv/C_within/seed_46/fold_05/metrics.json,baselines/efficientnet_b0/within_cv/C_within/seed_46/fold_05/metrics.json,anchor
45,metrics_path,/home/eecommu06/Documents/BT/Chili_CrossDataset/results/baselines/efficientnet_b0/within_cv/C_within/seed_44/fold_03/metrics.json,baselines/efficientnet_b0/within_cv/C_within/seed_44/fold_03/metrics.json,anchor
46,metrics_path,/home/eecommu06/Documents/BT/Chili_CrossDataset/results/baselines/efficientnet_b0/within_cv/C_within/seed_43/fold_02/metrics.json,baselines/efficientnet_b0/within_cv/C_within/seed_43/fold_02/metrics.json,anchor
47,metrics_path,/home/eecommu06/Documents/BT/Chili_CrossDataset/results/baselines/efficientnet_b0/within_cv/C_within/seed_45/fold_04/metrics.json,baselines/efficientnet_b0/within_cv/C_within/seed_45/fold_04/metrics.json,anchor
48,metrics_path,/home/eecommu06/Documents/BT/Chili_CrossDataset/results/baselines/efficientnet_b0/within_cv/C_within/seed_42/fold_01/metrics.json,baselines/efficientnet_b0/within_cv/C_within/seed_42/fold_01/metrics.json,anchor
49,metrics_path,/home/eecommu06/Documents/BT/Chili_CrossDataset/results/baselines/efficientnet_b0/within_cv/A_within/seed_46/fold_05/metrics.json,baselines/efficientnet_b0/within_cv/A_within/seed_46/fold_05/metrics.json,anchor
50,metrics_path,/home/eecommu06/Documents/BT/Chili_CrossDataset/results/baselines/efficientnet_b0/within_cv/A_within/seed_44/fold_03/metrics.json,baselines/efficientnet_b0/within_cv/A_within/seed_44/fold_03/metrics.json,anchor
51,metrics_path,/home/eecommu06/Documents/BT/Chili_CrossDataset/results/baselines/efficientnet_b0/within_cv/A_within/seed_43/fold_02/metrics.json,baselines/efficientnet_b0/within_cv/A_within/seed_43/fold_02/metrics.json,anchor
52,metrics_path,/home/eecommu06/Documents/BT/Chili_CrossDataset/results/baselines/efficientnet_b0/within_cv/A_within/seed_45/fold_04/metrics.json,baselines/efficientnet_b0/within_cv/A_within/seed_45/fold_04/metrics.json,anchor
53,metrics_path,/home/eecommu06/Documents/BT/Chili_CrossDataset/results/baselines/efficientnet_b0/within_cv/A_within/seed_42/fold_01/metrics.json,baselines/efficientnet_b0/within_cv/A_within/seed_42/fold_01/metrics.json,anchor
54,metrics_path,/home/eecommu06/Documents/BT/Chili_CrossDataset/results/baselines/mobilenet_v2/pairwise/C_to_A/seed_42/metrics.json,baselines/mobilenet_v2/pairwise/C_to_A/seed_42/metrics.json,anchor
55,metrics_path,/home/eecommu06/Documents/BT/Chili_CrossDataset/results/baselines/mobilenet_v2/pairwise/B_to_C/seed_42/metrics.json,baselines/mobilenet_v2/pairwise/B_to_C/seed_42/metrics.json,anchor
56,metrics_path,/home/eecommu06/Documents/BT/Chili_CrossDataset/results/baselines/mobilenet_v2/pairwise/B_to_A/seed_42/metrics.json,baselines/mobilenet_v2/pairwise/B_to_A/seed_42/metrics.json,anchor
57,metrics_path,/home/eecommu06/Documents/BT/Chili_CrossDataset/results/baselines/mobilenet_v2/pairwise/A_to_C/seed_42/metrics.json,baselines/mobilenet_v2/pairwise/A_to_C/seed_42/metrics.json,anchor
58,metrics_path,/home/eecommu06/Documents/BT/Chili_CrossDataset/results/baselines/mobilenet_v2/pairwise/C_to_B/seed_42/metrics.json,baselines/mobilenet_v2/pairwise/C_to_B/seed_42/metrics.json,anchor
59,metrics_path,/home/eecommu06/Documents/BT/Chili_CrossDataset/results/baselines/mobilenet_v2/pairwise/A_to_B/seed_42/metrics.json,baselines/mobilenet_v2/pairwise/A_to_B/seed_42/metrics.json,anchor
60,metrics_path,/home/eecommu06/Documents/BT/Chili_CrossDataset/results/baselines/mobilenet_v2/within_cv/B_within/seed_46/fold_05/metrics.json,baselines/mobilenet_v2/within_cv/B_within/seed_46/fold_05/metrics.json,anchor
61,metrics_path,/home/eecommu06/Documents/BT/Chili_CrossDataset/results/baselines/mobilenet_v2/within_cv/B_within/seed_44/fold_03/metrics.json,baselines/mobilenet_v2/within_cv/B_within/seed_44/fold_03/metrics.json,anchor
62,metrics_path,/home/eecommu06/Documents/BT/Chili_CrossDataset/results/baselines/mobilenet_v2/within_cv/B_within/seed_43/fold_02/metrics.json,baselines/mobilenet_v2/within_cv/B_within/seed_43/fold_02/metrics.json,anchor
63,metrics_path,/home/eecommu06/Documents/BT/Chili_CrossDataset/results/baselines/mobilenet_v2/within_cv/B_within/seed_45/fold_04/metrics.json,baselines/mobilenet_v2/within_cv/B_within/seed_45/fold_04/metrics.json,anchor
64,metrics_path,/home/eecommu06/Documents/BT/Chili_CrossDataset/results/baselines/mobilenet_v2/within_cv/B_within/seed_42/fold_01/metrics.json,baselines/mobilenet_v2/within_cv/B_within/seed_42/fold_01/metrics.json,anchor
65,metrics_path,/home/eecommu06/Documents/BT/Chili_CrossDataset/results/baselines/mobilenet_v2/within_cv/C_within/seed_46/fold_05/metrics.json,baselines/mobilenet_v2/within_cv/C_within/seed_46/fold_05/metrics.json,anchor
66,metrics_path,/home/eecommu06/Documents/BT/Chili_CrossDataset/results/baselines/mobilenet_v2/within_cv/C_within/seed_44/fold_03/metrics.json,baselines/mobilenet_v2/within_cv/C_within/seed_44/fold_03/metrics.json,anchor
67,metrics_path,/home/eecommu06/Documents/BT/Chili_CrossDataset/results/baselines/mobilenet_v2/within_cv/C_within/seed_43/fold_02/metrics.json,baselines/mobilenet_v2/within_cv/C_within/seed_43/fold_02/metrics.json,anchor
68,metrics_path,/home/eecommu06/Documents/BT/Chili_CrossDataset/results/baselines/mobilenet_v2/within_cv/C_within/seed_45/fold_04/metrics.json,baselines/mobilenet_v2/within_cv/C_within/seed_45/fold_04/metrics.json,anchor
69,metrics_path,/home/eecommu06/Documents/BT/Chili_CrossDataset/results/baselines/mobilenet_v2/within_cv/C_within/seed_42/fold_01/metrics.json,baselines/mobilenet_v2/within_cv/C_within/seed_42/fold_01/metrics.json,anchor
70,metrics_path,/home/eecommu06/Documents/BT/Chili_CrossDataset/results/baselines/mobilenet_v2/within_cv/A_within/seed_46/fold_05/metrics.json,baselines/mobilenet_v2/within_cv/A_within/seed_46/fold_05/metrics.json,anchor
71,metrics_path,/home/eecommu06/Documents/BT/Chili_CrossDataset/results/baselines/mobilenet_v2/within_cv/A_within/seed_44/fold_03/metrics.json,baselines/mobilenet_v2/within_cv/A_within/seed_44/fold_03/metrics.json,anchor
72,metrics_path,/home/eecommu06/Documents/BT/Chili_CrossDataset/results/baselines/mobilenet_v2/within_cv/A_within/seed_43/fold_02/metrics.json,baselines/mobilenet_v2/within_cv/A_within/seed_43/fold_02/metrics.json,anchor
73,metrics_path,/home/eecommu06/Documents/BT/Chili_CrossDataset/results/baselines/mobilenet_v2/within_cv/A_within/seed_45/fold_04/metrics.json,baselines/mobilenet_v2/within_cv/A_within/seed_45/fold_04/metrics.json,anchor
74,metrics_path,/home/eecommu06/Documents/BT/Chili_CrossDataset/results/baselines/mobilenet_v2/within_cv/A_within/seed_42/fold_01/metrics.json,baselines/mobilenet_v2/within_cv/A_within/seed_42/fold_01/metrics.json,anchor
75,metrics_path,/home/eecommu06/Documents/BT/Chili_CrossDataset/results/baselines/resnet50/within_cv/B_within/seed_46/fold_05/metrics.json,baselines/resnet50/within_cv/B_within/seed_46/fold_05/metrics.json,anchor
76,metrics_path,/home/eecommu06/Documents/BT/Chili_CrossDataset/results/baselines/resnet50/within_cv/B_within/seed_44/fold_03/metrics.json,baselines/resnet50/within_cv/B_within/seed_44/fold_03/metrics.json,anchor
77,metrics_path,/home/eecommu06/Documents/BT/Chili_CrossDataset/results/baselines/resnet50/within_cv/B_within/seed_43/fold_02/metrics.json,baselines/resnet50/within_cv/B_within/seed_43/fold_02/metrics.json,anchor
78,metrics_path,/home/eecommu06/Documents/BT/Chili_CrossDataset/results/baselines/resnet50/within_cv/B_within/seed_45/fold_04/metrics.json,baselines/resnet50/within_cv/B_within/seed_45/fold_04/metrics.json,anchor
79,metrics_path,/home/eecommu06/Documents/BT/Chili_CrossDataset/results/baselines/resnet50/within_cv/B_within/seed_42/fold_01/metrics.json,baselines/resnet50/within_cv/B_within/seed_42/fold_01/metrics.json,anchor
80,metrics_path,/home/eecommu06/Documents/BT/Chili_CrossDataset/results/baselines/resnet50/within_cv/C_within/seed_46/fold_05/metrics.json,baselines/resnet50/within_cv/C_within/seed_46/fold_05/metrics.json,anchor
81,metrics_path,/home/eecommu06/Documents/BT/Chili_CrossDataset/results/baselines/resnet50/within_cv/C_within/seed_44/fold_03/metrics.json,baselines/resnet50/within_cv/C_within/seed_44/fold_03/metrics.json,anchor
82,metrics_path,/home/eecommu06/Documents/BT/Chili_CrossDataset/results/baselines/resnet50/within_cv/C_within/seed_43/fold_02/metrics.json,baselines/resnet50/within_cv/C_within/seed_43/fold_02/metrics.json,anchor
83,metrics_path,/home/eecommu06/Documents/BT/Chili_CrossDataset/results/baselines/resnet50/within_cv/C_within/seed_45/fold_04/metrics.json,baselines/resnet50/within_cv/C_within/seed_45/fold_04/metrics.json,anchor
84,metrics_path,/home/eecommu06/Documents/BT/Chili_CrossDataset/results/baselines/resnet50/within_cv/C_within/seed_42/fold_01/metrics.json,baselines/resnet50/within_cv/C_within/seed_42/fold_01/metrics.json,anchor
85,metrics_path,/home/eecommu06/Documents/BT/Chili_CrossDataset/results/baselines/resnet50/within_cv/A_within/seed_46/fold_05/metrics.json,baselines/resnet50/within_cv/A_within/seed_46/fold_05/metrics.json,anchor
86,metrics_path,/home/eecommu06/Documents/BT/Chili_CrossDataset/results/baselines/resnet50/within_cv/A_within/seed_44/fold_03/metrics.json,baselines/resnet50/within_cv/A_within/seed_44/fold_03/metrics.json,anchor
87,metrics_path,/home/eecommu06/Documents/BT/Chili_CrossDataset/results/baselines/resnet50/within_cv/A_within/seed_43/fold_02/metrics.json,baselines/resnet50/within_cv/A_within/seed_43/fold_02/metrics.json,anchor
88,metrics_path,/home/eecommu06/Documents/BT/Chili_CrossDataset/results/baselines/resnet50/within_cv/A_within/seed_45/fold_04/metrics.json,baselines/resnet50/within_cv/A_within/seed_45/fold_04/metrics.json,anchor
89,metrics_path,/home/eecommu06/Documents/BT/Chili_CrossDataset/results/baselines/resnet50/within_cv/A_within/seed_42/fold_01/metrics.json,baselines/resnet50/within_cv/A_within/seed_42/fold_01/metrics.json,anchor
90,metrics_path,/home/eecommu06/Documents/BT/Chili_CrossDataset/results/baselines/swin_t/within_cv/B_within/seed_46/fold_05/metrics.json,baselines/swin_t/within_cv/B_within/seed_46/fold_05/metrics.json,anchor
91,metrics_path,/home/eecommu06/Documents/BT/Chili_CrossDataset/results/baselines/swin_t/within_cv/B_within/seed_44/fold_03/metrics.json,baselines/swin_t/within_cv/B_within/seed_44/fold_03/metrics.json,anchor
92,metrics_path,/home/eecommu06/Documents/BT/Chili_CrossDataset/results/baselines/swin_t/within_cv/B_within/seed_43/fold_02/metrics.json,baselines/swin_t/within_cv/B_within/seed_43/fold_02/metrics.json,anchor
93,metrics_path,/home/eecommu06/Documents/BT/Chili_CrossDataset/results/baselines/swin_t/within_cv/B_within/seed_45/fold_04/metrics.json,baselines/swin_t/within_cv/B_within/seed_45/fold_04/metrics.json,anchor
94,metrics_path,/home/eecommu06/Documents/BT/Chili_CrossDataset/results/baselines/swin_t/within_cv/B_within/seed_42/fold_01/metrics.json,baselines/swin_t/within_cv/B_within/seed_42/fold_01/metrics.json,anchor
95,metrics_path,/home/eecommu06/Documents/BT/Chili_CrossDataset/results/baselines/swin_t/within_cv/C_within/seed_46/fold_05/metrics.json,baselines/swin_t/within_cv/C_within/seed_46/fold_05/metrics.json,anchor
96,metrics_path,/home/eecommu06/Documents/BT/Chili_CrossDataset/results/baselines/swin_t/within_cv/C_within/seed_44/fold_03/metrics.json,baselines/swin_t/within_cv/C_within/seed_44/fold_03/metrics.json,anchor
97,metrics_path,/home/eecommu06/Documents/BT/Chili_CrossDataset/results/baselines/swin_t/within_cv/C_within/seed_43/fold_02/metrics.json,baselines/swin_t/within_cv/C_within/seed_43/fold_02/metrics.json,anchor
98,metrics_path,/home/eecommu06/Documents/BT/Chili_CrossDataset/results/baselines/swin_t/within_cv/C_within/seed_45/fold_04/metrics.json,baselines/swin_t/within_cv/C_within/seed_45/fold_04/metrics.json,anchor
99,metrics_path,/home/eecommu06/Documents/BT/Chili_CrossDataset/results/baselines/swin_t/within_cv/C_within/seed_42/fold_01/metrics.json,baselines/swin_t/within_cv/C_within/seed_42/fold_01/metrics.json,anchor
100,metrics_path,/home/eecommu06/Documents/BT/Chili_CrossDataset/results/baselines/swin_t/within_cv/A_within/seed_46/fold_05/metrics.json,baselines/swin_t/within_cv/A_within/seed_46/fold_05/metrics.json,anchor
101,metrics_path,/home/eecommu06/Documents/BT/Chili_CrossDataset/results/baselines/swin_t/within_cv/A_within/seed_44/fold_03/metrics.json,baselines/swin_t/within_cv/A_within/seed_44/fold_03/metrics.json,anchor
102,metrics_path,/home/eecommu06/Documents/BT/Chili_CrossDataset/results/baselines/swin_t/within_cv/A_within/seed_43/fold_02/metrics.json,baselines/swin_t/within_cv/A_within/seed_43/fold_02/metrics.json,anchor
103,metrics_path,/home/eecommu06/Documents/BT/Chili_CrossDataset/results/baselines/swin_t/within_cv/A_within/seed_45/fold_04/metrics.json,baselines/swin_t/within_cv/A_within/seed_45/fold_04/metrics.json,anchor
104,metrics_path,/home/eecommu06/Documents/BT/Chili_CrossDataset/results/baselines/swin_t/within_cv/A_within/seed_42/fold_01/metrics.json,baselines/swin_t/within_cv/A_within/seed_42/fold_01/metrics.json,anchor
105,metrics_path,/home/eecommu06/Documents/BT/Chili_CrossDataset/results/baselines/efficientnet_b4/within_cv/B_within/seed_46/fold_05/metrics.json,baselines/efficientnet_b4/within_cv/B_within/seed_46/fold_05/metrics.json,anchor
106,metrics_path,/home/eecommu06/Documents/BT/Chili_CrossDataset/results/baselines/efficientnet_b4/within_cv/B_within/seed_44/fold_03/metrics.json,baselines/efficientnet_b4/within_cv/B_within/seed_44/fold_03/metrics.json,anchor
107,metrics_path,/home/eecommu06/Documents/BT/Chili_CrossDataset/results/baselines/efficientnet_b4/within_cv/B_within/seed_43/fold_02/metrics.json,baselines/efficientnet_b4/within_cv/B_within/seed_43/fold_02/metrics.json,anchor
108,metrics_path,/home/eecommu06/Documents/BT/Chili_CrossDataset/results/baselines/efficientnet_b4/within_cv/B_within/seed_45/fold_04/metrics.json,baselines/efficientnet_b4/within_cv/B_within/seed_45/fold_04/metrics.json,anchor
109,metrics_path,/home/eecommu06/Documents/BT/Chili_CrossDataset/results/baselines/efficientnet_b4/within_cv/B_within/seed_42/fold_01/metrics.json,baselines/efficientnet_b4/within_cv/B_within/seed_42/fold_01/metrics.json,anchor
110,metrics_path,/home/eecommu06/Documents/BT/Chili_CrossDataset/results/baselines/efficientnet_b4/within_cv/C_within/seed_46/fold_05/metrics.json,baselines/efficientnet_b4/within_cv/C_within/seed_46/fold_05/metrics.json,anchor
111,metrics_path,/home/eecommu06/Documents/BT/Chili_CrossDataset/results/baselines/efficientnet_b4/within_cv/C_within/seed_44/fold_03/metrics.json,baselines/efficientnet_b4/within_cv/C_within/seed_44/fold_03/metrics.json,anchor
112,metrics_path,/home/eecommu06/Documents/BT/Chili_CrossDataset/results/baselines/efficientnet_b4/within_cv/C_within/seed_43/fold_02/metrics.json,baselines/efficientnet_b4/within_cv/C_within/seed_43/fold_02/metrics.json,anchor
113,metrics_path,/home/eecommu06/Documents/BT/Chili_CrossDataset/results/baselines/efficientnet_b4/within_cv/C_within/seed_45/fold_04/metrics.json,baselines/efficientnet_b4/within_cv/C_within/seed_45/fold_04/metrics.json,anchor
114,metrics_path,/home/eecommu06/Documents/BT/Chili_CrossDataset/results/baselines/efficientnet_b4/within_cv/C_within/seed_42/fold_01/metrics.json,baselines/efficientnet_b4/within_cv/C_within/seed_42/fold_01/metrics.json,anchor
115,metrics_path,/home/eecommu06/Documents/BT/Chili_CrossDataset/results/baselines/efficientnet_b4/within_cv/A_within/seed_46/fold_05/metrics.json,baselines/efficientnet_b4/within_cv/A_within/seed_46/fold_05/metrics.json,anchor
116,metrics_path,/home/eecommu06/Documents/BT/Chili_CrossDataset/results/baselines/efficientnet_b4/within_cv/A_within/seed_44/fold_03/metrics.json,baselines/efficientnet_b4/within_cv/A_within/seed_44/fold_03/metrics.json,anchor
117,metrics_path,/home/eecommu06/Documents/BT/Chili_CrossDataset/results/baselines/efficientnet_b4/within_cv/A_within/seed_43/fold_02/metrics.json,baselines/efficientnet_b4/within_cv/A_within/seed_43/fold_02/metrics.json,anchor
118,metrics_path,/home/eecommu06/Documents/BT/Chili_CrossDataset/results/baselines/efficientnet_b4/within_cv/A_within/seed_45/fold_04/metrics.json,baselines/efficientnet_b4/within_cv/A_within/seed_45/fold_04/metrics.json,anchor
119,metrics_path,/home/eecommu06/Documents/BT/Chili_CrossDataset/results/baselines/efficientnet_b4/within_cv/A_within/seed_42/fold_01/metrics.json,baselines/efficientnet_b4/within_cv/A_within/seed_42/fold_01/metrics.json,anchor
120,metrics_path,/home/eecommu06/Documents/BT/Chili_CrossDataset/results/baselines/mobilenet_v3_small/pairwise/C_to_A/seed_42/metrics.json,baselines/mobilenet_v3_small/pairwise/C_to_A/seed_42/metrics.json,anchor
121,metrics_path,/home/eecommu06/Documents/BT/Chili_CrossDataset/results/baselines/mobilenet_v3_small/pairwise/B_to_C/seed_42/metrics.json,baselines/mobilenet_v3_small/pairwise/B_to_C/seed_42/metrics.json,anchor
122,metrics_path,/home/eecommu06/Documents/BT/Chili_CrossDataset/results/baselines/mobilenet_v3_small/pairwise/B_to_A/seed_42/metrics.json,baselines/mobilenet_v3_small/pairwise/B_to_A/seed_42/metrics.json,anchor
123,metrics_path,/home/eecommu06/Documents/BT/Chili_CrossDataset/results/baselines/mobilenet_v3_small/pairwise/A_to_C/seed_42/metrics.json,baselines/mobilenet_v3_small/pairwise/A_to_C/seed_42/metrics.json,anchor
124,metrics_path,/home/eecommu06/Documents/BT/Chili_CrossDataset/results/baselines/mobilenet_v3_small/pairwise/C_to_B/seed_42/metrics.json,baselines/mobilenet_v3_small/pairwise/C_to_B/seed_42/metrics.json,anchor
125,metrics_path,/home/eecommu06/Documents/BT/Chili_CrossDataset/results/baselines/mobilenet_v3_small/pairwise/A_to_B/seed_42/metrics.json,baselines/mobilenet_v3_small/pairwise/A_to_B/seed_42/metrics.json,anchor
126,metrics_path,/home/eecommu06/Documents/BT/Chili_CrossDataset/results/baselines/mobilenet_v3_small/within_cv/B_within/seed_46/fold_05/metrics.json,baselines/mobilenet_v3_small/within_cv/B_within/seed_46/fold_05/metrics.json,anchor
127,metrics_path,/home/eecommu06/Documents/BT/Chili_CrossDataset/results/baselines/mobilenet_v3_small/within_cv/B_within/seed_44/fold_03/metrics.json,baselines/mobilenet_v3_small/within_cv/B_within/seed_44/fold_03/metrics.json,anchor
128,metrics_path,/home/eecommu06/Documents/BT/Chili_CrossDataset/results/baselines/mobilenet_v3_small/within_cv/B_within/seed_43/fold_02/metrics.json,baselines/mobilenet_v3_small/within_cv/B_within/seed_43/fold_02/metrics.json,anchor
129,metrics_path,/home/eecommu06/Documents/BT/Chili_CrossDataset/results/baselines/mobilenet_v3_small/within_cv/B_within/seed_45/fold_04/metrics.json,baselines/mobilenet_v3_small/within_cv/B_within/seed_45/fold_04/metrics.json,anchor
130,metrics_path,/home/eecommu06/Documents/BT/Chili_CrossDataset/results/baselines/mobilenet_v3_small/within_cv/B_within/seed_42/fold_01/metrics.json,baselines/mobilenet_v3_small/within_cv/B_within/seed_42/fold_01/metrics.json,anchor
131,metrics_path,/home/eecommu06/Documents/BT/Chili_CrossDataset/results/baselines/mobilenet_v3_small/within_cv/C_within/seed_46/fold_05/metrics.json,baselines/mobilenet_v3_small/within_cv/C_within/seed_46/fold_05/metrics.json,anchor
132,metrics_path,/home/eecommu06/Documents/BT/Chili_CrossDataset/results/baselines/mobilenet_v3_small/within_cv/C_within/seed_44/fold_03/metrics.json,baselines/mobilenet_v3_small/within_cv/C_within/seed_44/fold_03/metrics.json,anchor
133,metrics_path,/home/eecommu06/Documents/BT/Chili_CrossDataset/results/baselines/mobilenet_v3_small/within_cv/C_within/seed_43/fold_02/metrics.json,baselines/mobilenet_v3_small/within_cv/C_within/seed_43/fold_02/metrics.json,anchor
134,metrics_path,/home/eecommu06/Documents/BT/Chili_CrossDataset/results/baselines/mobilenet_v3_small/within_cv/C_within/seed_45/fold_04/metrics.json,baselines/mobilenet_v3_small/within_cv/C_within/seed_45/fold_04/metrics.json,anchor
135,metrics_path,/home/eecommu06/Documents/BT/Chili_CrossDataset/results/baselines/mobilenet_v3_small/within_cv/C_within/seed_42/fold_01/metrics.json,baselines/mobilenet_v3_small/within_cv/C_within/seed_42/fold_01/metrics.json,anchor
136,metrics_path,/home/eecommu06/Documents/BT/Chili_CrossDataset/results/baselines/mobilenet_v3_small/within_cv/A_within/seed_46/fold_05/metrics.json,baselines/mobilenet_v3_small/within_cv/A_within/seed_46/fold_05/metrics.json,anchor
137,metrics_path,/home/eecommu06/Documents/BT/Chili_CrossDataset/results/baselines/mobilenet_v3_small/within_cv/A_within/seed_44/fold_03/metrics.json,baselines/mobilenet_v3_small/within_cv/A_within/seed_44/fold_03/metrics.json,anchor
138,metrics_path,/home/eecommu06/Documents/BT/Chili_CrossDataset/results/baselines/mobilenet_v3_small/within_cv/A_within/seed_43/fold_02/metrics.json,baselines/mobilenet_v3_small/within_cv/A_within/seed_43/fold_02/metrics.json,anchor
139,metrics_path,/home/eecommu06/Documents/BT/Chili_CrossDataset/results/baselines/mobilenet_v3_small/within_cv/A_within/seed_45/fold_04/metrics.json,baselines/mobilenet_v3_small/within_cv/A_within/seed_45/fold_04/metrics.json,anchor
140,metrics_path,/home/eecommu06/Documents/BT/Chili_CrossDataset/results/baselines/mobilenet_v3_small/within_cv/A_within/seed_42/fold_01/metrics.json,baselines/mobilenet_v3_small/within_cv/A_within/seed_42/fold_01/metrics.json,anchor
141,metrics_path,/home/eecommu06/Documents/BT/Chili_CrossDataset/results/baselines/densenet121/within_cv/B_within/seed_46/fold_05/metrics.json,baselines/densenet121/within_cv/B_within/seed_46/fold_05/metrics.json,anchor
142,metrics_path,/home/eecommu06/Documents/BT/Chili_CrossDataset/results/baselines/densenet121/within_cv/B_within/seed_44/fold_03/metrics.json,baselines/densenet121/within_cv/B_within/seed_44/fold_03/metrics.json,anchor
143,metrics_path,/home/eecommu06/Documents/BT/Chili_CrossDataset/results/baselines/densenet121/within_cv/B_within/seed_43/fold_02/metrics.json,baselines/densenet121/within_cv/B_within/seed_43/fold_02/metrics.json,anchor
144,metrics_path,/home/eecommu06/Documents/BT/Chili_CrossDataset/results/baselines/densenet121/within_cv/B_within/seed_45/fold_04/metrics.json,baselines/densenet121/within_cv/B_within/seed_45/fold_04/metrics.json,anchor
145,metrics_path,/home/eecommu06/Documents/BT/Chili_CrossDataset/results/baselines/densenet121/within_cv/B_within/seed_42/fold_01/metrics.json,baselines/densenet121/within_cv/B_within/seed_42/fold_01/metrics.json,anchor
146,metrics_path,/home/eecommu06/Documents/BT/Chili_CrossDataset/results/baselines/densenet121/within_cv/C_within/seed_46/fold_05/metrics.json,baselines/densenet121/within_cv/C_within/seed_46/fold_05/metrics.json,anchor
147,metrics_path,/home/eecommu06/Documents/BT/Chili_CrossDataset/results/baselines/densenet121/within_cv/C_within/seed_44/fold_03/metrics.json,baselines/densenet121/within_cv/C_within/seed_44/fold_03/metrics.json,anchor
148,metrics_path,/home/eecommu06/Documents/BT/Chili_CrossDataset/results/baselines/densenet121/within_cv/C_within/seed_43/fold_02/metrics.json,baselines/densenet121/within_cv/C_within/seed_43/fold_02/metrics.json,anchor
149,metrics_path,/home/eecommu06/Documents/BT/Chili_CrossDataset/results/baselines/densenet121/within_cv/C_within/seed_45/fold_04/metrics.json,baselines/densenet121/within_cv/C_within/seed_45/fold_04/metrics.json,anchor
150,metrics_path,/home/eecommu06/Documents/BT/Chili_CrossDataset/results/baselines/densenet121/within_cv/C_within/seed_42/fold_01/metrics.json,baselines/densenet121/within_cv/C_within/seed_42/fold_01/metrics.json,anchor
151,metrics_path,/home/eecommu06/Documents/BT/Chili_CrossDataset/results/baselines/densenet121/within_cv/A_within/seed_46/fold_05/metrics.json,baselines/densenet121/within_cv/A_within/seed_46/fold_05/metrics.json,anchor
152,metrics_path,/home/eecommu06/Documents/BT/Chili_CrossDataset/results/baselines/densenet121/within_cv/A_within/seed_44/fold_03/metrics.json,baselines/densenet121/within_cv/A_within/seed_44/fold_03/metrics.json,anchor
153,metrics_path,/home/eecommu06/Documents/BT/Chili_CrossDataset/results/baselines/densenet121/within_cv/A_within/seed_43/fold_02/metrics.json,baselines/densenet121/within_cv/A_within/seed_43/fold_02/metrics.json,anchor
154,metrics_path,/home/eecommu06/Documents/BT/Chili_CrossDataset/results/baselines/densenet121/within_cv/A_within/seed_45/fold_04/metrics.json,baselines/densenet121/within_cv/A_within/seed_45/fold_04/metrics.json,anchor
155,metrics_path,/home/eecommu06/Documents/BT/Chili_CrossDataset/results/baselines/densenet121/within_cv/A_within/seed_42/fold_01/metrics.json,baselines/densenet121/within_cv/A_within/seed_42/fold_01/metrics.json,anchor
156,metrics_path,/home/eecommu06/Documents/BT/Chili_CrossDataset/results/baselines/shufflenet_v2_x1_0/pairwise/C_to_A/seed_42/metrics.json,baselines/shufflenet_v2_x1_0/pairwise/C_to_A/seed_42/metrics.json,anchor
157,metrics_path,/home/eecommu06/Documents/BT/Chili_CrossDataset/results/baselines/shufflenet_v2_x1_0/pairwise/B_to_A/seed_42/metrics.json,baselines/shufflenet_v2_x1_0/pairwise/B_to_A/seed_42/metrics.json,anchor
158,metrics_path,/home/eecommu06/Documents/BT/Chili_CrossDataset/results/baselines/shufflenet_v2_x1_0/pairwise/A_to_C/seed_42/metrics.json,baselines/shufflenet_v2_x1_0/pairwise/A_to_C/seed_42/metrics.json,anchor
159,metrics_path,/home/eecommu06/Documents/BT/Chili_CrossDataset/results/baselines/shufflenet_v2_x1_0/pairwise/A_to_B/seed_42/metrics.json,baselines/shufflenet_v2_x1_0/pairwise/A_to_B/seed_42/metrics.json,anchor
160,metrics_path,/home/eecommu06/Documents/BT/Chili_CrossDataset/results/baselines/shufflenet_v2_x1_0/within_cv/B_within/seed_46/fold_05/metrics.json,baselines/shufflenet_v2_x1_0/within_cv/B_within/seed_46/fold_05/metrics.json,anchor
161,metrics_path,/home/eecommu06/Documents/BT/Chili_CrossDataset/results/baselines/shufflenet_v2_x1_0/within_cv/B_within/seed_44/fold_03/metrics.json,baselines/shufflenet_v2_x1_0/within_cv/B_within/seed_44/fold_03/metrics.json,anchor
162,metrics_path,/home/eecommu06/Documents/BT/Chili_CrossDataset/results/baselines/shufflenet_v2_x1_0/within_cv/B_within/seed_43/fold_02/metrics.json,baselines/shufflenet_v2_x1_0/within_cv/B_within/seed_43/fold_02/metrics.json,anchor
163,metrics_path,/home/eecommu06/Documents/BT/Chili_CrossDataset/results/baselines/shufflenet_v2_x1_0/within_cv/B_within/seed_45/fold_04/metrics.json,baselines/shufflenet_v2_x1_0/within_cv/B_within/seed_45/fold_04/metrics.json,anchor
164,metrics_path,/home/eecommu06/Documents/BT/Chili_CrossDataset/results/baselines/shufflenet_v2_x1_0/within_cv/B_within/seed_42/fold_01/metrics.json,baselines/shufflenet_v2_x1_0/within_cv/B_within/seed_42/fold_01/metrics.json,anchor
165,metrics_path,/home/eecommu06/Documents/BT/Chili_CrossDataset/results/baselines/shufflenet_v2_x1_0/within_cv/C_within/seed_46/fold_05/metrics.json,baselines/shufflenet_v2_x1_0/within_cv/C_within/seed_46/fold_05/metrics.json,anchor
166,metrics_path,/home/eecommu06/Documents/BT/Chili_CrossDataset/results/baselines/shufflenet_v2_x1_0/within_cv/C_within/seed_44/fold_03/metrics.json,baselines/shufflenet_v2_x1_0/within_cv/C_within/seed_44/fold_03/metrics.json,anchor
167,metrics_path,/home/eecommu06/Documents/BT/Chili_CrossDataset/results/baselines/shufflenet_v2_x1_0/within_cv/C_within/seed_43/fold_02/metrics.json,baselines/shufflenet_v2_x1_0/within_cv/C_within/seed_43/fold_02/metrics.json,anchor
168,metrics_path,/home/eecommu06/Documents/BT/Chili_CrossDataset/results/baselines/shufflenet_v2_x1_0/within_cv/C_within/seed_45/fold_04/metrics.json,baselines/shufflenet_v2_x1_0/within_cv/C_within/seed_45/fold_04/metrics.json,anchor
169,metrics_path,/home/eecommu06/Documents/BT/Chili_CrossDataset/results/baselines/shufflenet_v2_x1_0/within_cv/C_within/seed_42/fold_01/metrics.json,baselines/shufflenet_v2_x1_0/within_cv/C_within/seed_42/fold_01/metrics.json,anchor
170,metrics_path,/home/eecommu06/Documents/BT/Chili_CrossDataset/results/baselines/shufflenet_v2_x1_0/within_cv/A_within/seed_46/fold_05/metrics.json,baselines/shufflenet_v2_x1_0/within_cv/A_within/seed_46/fold_05/metrics.json,anchor
171,metrics_path,/home/eecommu06/Documents/BT/Chili_CrossDataset/results/baselines/shufflenet_v2_x1_0/within_cv/A_within/seed_44/fold_03/metrics.json,baselines/shufflenet_v2_x1_0/within_cv/A_within/seed_44/fold_03/metrics.json,anchor
172,metrics_path,/home/eecommu06/Documents/BT/Chili_CrossDataset/results/baselines/shufflenet_v2_x1_0/within_cv/A_within/seed_43/fold_02/metrics.json,baselines/shufflenet_v2_x1_0/within_cv/A_within/seed_43/fold_02/metrics.json,anchor
173,metrics_path,/home/eecommu06/Documents/BT/Chili_CrossDataset/results/baselines/shufflenet_v2_x1_0/within_cv/A_within/seed_45/fold_04/metrics.json,baselines/shufflenet_v2_x1_0/within_cv/A_within/seed_45/fold_04/metrics.json,anchor
174,metrics_path,/home/eecommu06/Documents/BT/Chili_CrossDataset/results/baselines/shufflenet_v2_x1_0/within_cv/A_within/seed_42/fold_01/metrics.json,baselines/shufflenet_v2_x1_0/within_cv/A_within/seed_42/fold_01/metrics.json,anchor
175,metrics_path,/home/bt/Documents/BT/Chilli_CrossDataset/results/proposed/chilli_lite_gfnet/pooled_cv/A_plus_B_plus_C_pooled/seed_45/fold_04/metrics.json,proposed/chilli_lite_gfnet/pooled_cv/A_plus_B_plus_C_pooled/seed_45/fold_04/metrics.json,anchor
176,metrics_path,/home/bt/Documents/BT/Chilli_CrossDataset/results/proposed/chilli_lite_gfnet/pooled_cv/A_plus_B_plus_C_pooled/seed_43/fold_02/metrics.json,proposed/chilli_lite_gfnet/pooled_cv/A_plus_B_plus_C_pooled/seed_43/fold_02/metrics.json,anchor
177,metrics_path,/home/bt/Documents/BT/Chilli_CrossDataset/results/proposed/chilli_lite_gfnet/pooled_cv/A_plus_B_plus_C_pooled/seed_46/fold_05/metrics.json,proposed/chilli_lite_gfnet/pooled_cv/A_plus_B_plus_C_pooled/seed_46/fold_05/metrics.json,anchor
178,metrics_path,/home/bt/Documents/BT/Chilli_CrossDataset/results/proposed/chilli_lite_gfnet/pooled_cv/A_plus_B_plus_C_pooled/seed_42/fold_01/metrics.json,proposed/chilli_lite_gfnet/pooled_cv/A_plus_B_plus_C_pooled/seed_42/fold_01/metrics.json,anchor
179,metrics_path,/home/bt/Documents/BT/Chilli_CrossDataset/results/proposed/chilli_lite_gfnet/pooled_cv/A_plus_B_plus_C_pooled/seed_44/fold_03/metrics.json,proposed/chilli_lite_gfnet/pooled_cv/A_plus_B_plus_C_pooled/seed_44/fold_03/metrics.json,anchor
180,metrics_path,/home/bt/Documents/BT/Chilli_CrossDataset/results/baselines/densenet121/pooled_cv/A_plus_B_plus_C_pooled/seed_45/fold_04/metrics.json,baselines/densenet121/pooled_cv/A_plus_B_plus_C_pooled/seed_45/fold_04/metrics.json,anchor
181,metrics_path,/home/bt/Documents/BT/Chilli_CrossDataset/results/baselines/densenet121/pooled_cv/A_plus_B_plus_C_pooled/seed_43/fold_02/metrics.json,baselines/densenet121/pooled_cv/A_plus_B_plus_C_pooled/seed_43/fold_02/metrics.json,anchor
182,metrics_path,/home/bt/Documents/BT/Chilli_CrossDataset/results/baselines/densenet121/pooled_cv/A_plus_B_plus_C_pooled/seed_46/fold_05/metrics.json,baselines/densenet121/pooled_cv/A_plus_B_plus_C_pooled/seed_46/fold_05/metrics.json,anchor
183,metrics_path,/home/bt/Documents/BT/Chilli_CrossDataset/results/baselines/densenet121/pooled_cv/A_plus_B_plus_C_pooled/seed_42/fold_01/metrics.json,baselines/densenet121/pooled_cv/A_plus_B_plus_C_pooled/seed_42/fold_01/metrics.json,anchor
184,metrics_path,/home/bt/Documents/BT/Chilli_CrossDataset/results/baselines/densenet121/pooled_cv/A_plus_B_plus_C_pooled/seed_44/fold_03/metrics.json,baselines/densenet121/pooled_cv/A_plus_B_plus_C_pooled/seed_44/fold_03/metrics.json,anchor
185,metrics_path,/home/bt/Documents/BT/Chilli_CrossDataset/results/baselines/efficientnet_b0/pooled_cv/A_plus_B_plus_C_pooled/seed_45/fold_04/metrics.json,baselines/efficientnet_b0/pooled_cv/A_plus_B_plus_C_pooled/seed_45/fold_04/metrics.json,anchor
186,metrics_path,/home/bt/Documents/BT/Chilli_CrossDataset/results/baselines/efficientnet_b0/pooled_cv/A_plus_B_plus_C_pooled/seed_43/fold_02/metrics.json,baselines/efficientnet_b0/pooled_cv/A_plus_B_plus_C_pooled/seed_43/fold_02/metrics.json,anchor
187,metrics_path,/home/bt/Documents/BT/Chilli_CrossDataset/results/baselines/efficientnet_b0/pooled_cv/A_plus_B_plus_C_pooled/seed_46/fold_05/metrics.json,baselines/efficientnet_b0/pooled_cv/A_plus_B_plus_C_pooled/seed_46/fold_05/metrics.json,anchor
188,metrics_path,/home/bt/Documents/BT/Chilli_CrossDataset/results/baselines/efficientnet_b0/pooled_cv/A_plus_B_plus_C_pooled/seed_42/fold_01/metrics.json,baselines/efficientnet_b0/pooled_cv/A_plus_B_plus_C_pooled/seed_42/fold_01/metrics.json,anchor
189,metrics_path,/home/bt/Documents/BT/Chilli_CrossDataset/results/baselines/efficientnet_b0/pooled_cv/A_plus_B_plus_C_pooled/seed_44/fold_03/metrics.json,baselines/efficientnet_b0/pooled_cv/A_plus_B_plus_C_pooled/seed_44/fold_03/metrics.json,anchor
190,metrics_path,/home/bt/Documents/BT/Chilli_CrossDataset/results/baselines/swin_t/pooled_cv/A_plus_B_plus_C_pooled/seed_45/fold_04/metrics.json,baselines/swin_t/pooled_cv/A_plus_B_plus_C_pooled/seed_45/fold_04/metrics.json,anchor
191,metrics_path,/home/bt/Documents/BT/Chilli_CrossDataset/results/baselines/swin_t/pooled_cv/A_plus_B_plus_C_pooled/seed_43/fold_02/metrics.json,baselines/swin_t/pooled_cv/A_plus_B_plus_C_pooled/seed_43/fold_02/metrics.json,anchor
192,metrics_path,/home/bt/Documents/BT/Chilli_CrossDataset/results/baselines/swin_t/pooled_cv/A_plus_B_plus_C_pooled/seed_46/fold_05/metrics.json,baselines/swin_t/pooled_cv/A_plus_B_plus_C_pooled/seed_46/fold_05/metrics.json,anchor
193,metrics_path,/home/bt/Documents/BT/Chilli_CrossDataset/results/baselines/swin_t/pooled_cv/A_plus_B_plus_C_pooled/seed_42/fold_01/metrics.json,baselines/swin_t/pooled_cv/A_plus_B_plus_C_pooled/seed_42/fold_01/metrics.json,anchor
194,metrics_path,/home/bt/Documents/BT/Chilli_CrossDataset/results/baselines/swin_t/pooled_cv/A_plus_B_plus_C_pooled/seed_44/fold_03/metrics.json,baselines/swin_t/pooled_cv/A_plus_B_plus_C_pooled/seed_44/fold_03/metrics.json,anchor
195,metrics_path,/home/bt/Documents/BT/Chilli_CrossDataset/results/baselines/mobilenet_v3_small/pooled_cv/A_plus_B_plus_C_pooled/seed_45/fold_04/metrics.json,baselines/mobilenet_v3_small/pooled_cv/A_plus_B_plus_C_pooled/seed_45/fold_04/metrics.json,anchor
196,metrics_path,/home/bt/Documents/BT/Chilli_CrossDataset/results/baselines/mobilenet_v3_small/pooled_cv/A_plus_B_plus_C_pooled/seed_43/fold_02/metrics.json,baselines/mobilenet_v3_small/pooled_cv/A_plus_B_plus_C_pooled/seed_43/fold_02/metrics.json,anchor
197,metrics_path,/home/bt/Documents/BT/Chilli_CrossDataset/results/baselines/mobilenet_v3_small/pooled_cv/A_plus_B_plus_C_pooled/seed_46/fold_05/metrics.json,baselines/mobilenet_v3_small/pooled_cv/A_plus_B_plus_C_pooled/seed_46/fold_05/metrics.json,anchor
198,metrics_path,/home/bt/Documents/BT/Chilli_CrossDataset/results/baselines/mobilenet_v3_small/pooled_cv/A_plus_B_plus_C_pooled/seed_42/fold_01/metrics.json,baselines/mobilenet_v3_small/pooled_cv/A_plus_B_plus_C_pooled/seed_42/fold_01/metrics.json,anchor
199,metrics_path,/home/bt/Documents/BT/Chilli_CrossDataset/results/baselines/mobilenet_v3_small/pooled_cv/A_plus_B_plus_C_pooled/seed_44/fold_03/metrics.json,baselines/mobilenet_v3_small/pooled_cv/A_plus_B_plus_C_pooled/seed_44/fold_03/metrics.json,anchor
200,metrics_path,/home/bt/Documents/BT/Chilli_CrossDataset/results/baselines/mobilenet_v2/pooled_cv/A_plus_B_plus_C_pooled/seed_45/fold_04/metrics.json,baselines/mobilenet_v2/pooled_cv/A_plus_B_plus_C_pooled/seed_45/fold_04/metrics.json,anchor
201,metrics_path,/home/bt/Documents/BT/Chilli_CrossDataset/results/baselines/mobilenet_v2/pooled_cv/A_plus_B_plus_C_pooled/seed_43/fold_02/metrics.json,baselines/mobilenet_v2/pooled_cv/A_plus_B_plus_C_pooled/seed_43/fold_02/metrics.json,anchor
202,metrics_path,/home/bt/Documents/BT/Chilli_CrossDataset/results/baselines/mobilenet_v2/pooled_cv/A_plus_B_plus_C_pooled/seed_46/fold_05/metrics.json,baselines/mobilenet_v2/pooled_cv/A_plus_B_plus_C_pooled/seed_46/fold_05/metrics.json,anchor
203,metrics_path,/home/bt/Documents/BT/Chilli_CrossDataset/results/baselines/mobilenet_v2/pooled_cv/A_plus_B_plus_C_pooled/seed_42/fold_01/metrics.json,baselines/mobilenet_v2/pooled_cv/A_plus_B_plus_C_pooled/seed_42/fold_01/metrics.json,anchor
204,metrics_path,/home/bt/Documents/BT/Chilli_CrossDataset/results/baselines/mobilenet_v2/pooled_cv/A_plus_B_plus_C_pooled/seed_44/fold_03/metrics.json,baselines/mobilenet_v2/pooled_cv/A_plus_B_plus_C_pooled/seed_44/fold_03/metrics.json,anchor
205,metrics_path,/home/bt/Documents/BT/Chilli_CrossDataset/results/baselines/shufflenet_v2_x1_0/pooled_cv/A_plus_B_plus_C_pooled/seed_45/fold_04/metrics.json,baselines/shufflenet_v2_x1_0/pooled_cv/A_plus_B_plus_C_pooled/seed_45/fold_04/metrics.json,anchor
206,metrics_path,/home/bt/Documents/BT/Chilli_CrossDataset/results/baselines/shufflenet_v2_x1_0/pooled_cv/A_plus_B_plus_C_pooled/seed_43/fold_02/metrics.json,baselines/shufflenet_v2_x1_0/pooled_cv/A_plus_B_plus_C_pooled/seed_43/fold_02/metrics.json,anchor
207,metrics_path,/home/bt/Documents/BT/Chilli_CrossDataset/results/baselines/shufflenet_v2_x1_0/pooled_cv/A_plus_B_plus_C_pooled/seed_46/fold_05/metrics.json,baselines/shufflenet_v2_x1_0/pooled_cv/A_plus_B_plus_C_pooled/seed_46/fold_05/metrics.json,anchor
208,metrics_path,/home/bt/Documents/BT/Chilli_CrossDataset/results/baselines/shufflenet_v2_x1_0/pooled_cv/A_plus_B_plus_C_pooled/seed_42/fold_01/metrics.json,baselines/shufflenet_v2_x1_0/pooled_cv/A_plus_B_plus_C_pooled/seed_42/fold_01/metrics.json,anchor
209,metrics_path,/home/bt/Documents/BT/Chilli_CrossDataset/results/baselines/shufflenet_v2_x1_0/pooled_cv/A_plus_B_plus_C_pooled/seed_44/fold_03/metrics.json,baselines/shufflenet_v2_x1_0/pooled_cv/A_plus_B_plus_C_pooled/seed_44/fold_03/metrics.json,anchor
210,metrics_path,/home/bt/Documents/BT/Chilli_CrossDataset/results/baselines/resnet50/pooled_cv/A_plus_B_plus_C_pooled/seed_45/fold_04/metrics.json,baselines/resnet50/pooled_cv/A_plus_B_plus_C_pooled/seed_45/fold_04/metrics.json,anchor
211,metrics_path,/home/bt/Documents/BT/Chilli_CrossDataset/results/baselines/resnet50/pooled_cv/A_plus_B_plus_C_pooled/seed_43/fold_02/metrics.json,baselines/resnet50/pooled_cv/A_plus_B_plus_C_pooled/seed_43/fold_02/metrics.json,anchor
212,metrics_path,/home/bt/Documents/BT/Chilli_CrossDataset/results/baselines/resnet50/pooled_cv/A_plus_B_plus_C_pooled/seed_46/fold_05/metrics.json,baselines/resnet50/pooled_cv/A_plus_B_plus_C_pooled/seed_46/fold_05/metrics.json,anchor
213,metrics_path,/home/bt/Documents/BT/Chilli_CrossDataset/results/baselines/resnet50/pooled_cv/A_plus_B_plus_C_pooled/seed_42/fold_01/metrics.json,baselines/resnet50/pooled_cv/A_plus_B_plus_C_pooled/seed_42/fold_01/metrics.json,anchor
214,metrics_path,/home/bt/Documents/BT/Chilli_CrossDataset/results/baselines/resnet50/pooled_cv/A_plus_B_plus_C_pooled/seed_44/fold_03/metrics.json,baselines/resnet50/pooled_cv/A_plus_B_plus_C_pooled/seed_44/fold_03/metrics.json,anchor
215,metrics_path,/home/eecommulab/Documents/BT/Chilli_CrossDataset/results/proposed/chilli_lite_gfnet/pairwise/B_to_A/seed_42/metrics.json,proposed/chilli_lite_gfnet/pairwise/B_to_A/seed_42/metrics.json,anchor
216,metrics_path,/home/eecommulab/Documents/BT/Chilli_CrossDataset/results/proposed/chilli_lite_gfnet/pairwise/A_to_C/seed_42/metrics.json,proposed/chilli_lite_gfnet/pairwise/A_to_C/seed_42/metrics.json,anchor
217,metrics_path,/home/eecommulab/Documents/BT/Chilli_CrossDataset/results/proposed/chilli_lite_gfnet/pairwise/C_to_B/seed_42/metrics.json,proposed/chilli_lite_gfnet/pairwise/C_to_B/seed_42/metrics.json,anchor
218,metrics_path,/home/eecommulab/Documents/BT/Chilli_CrossDataset/results/proposed/chilli_lite_gfnet/pairwise/C_to_A/seed_42/metrics.json,proposed/chilli_lite_gfnet/pairwise/C_to_A/seed_42/metrics.json,anchor
219,metrics_path,/home/eecommulab/Documents/BT/Chilli_CrossDataset/results/proposed/chilli_lite_gfnet/pairwise/B_to_C/seed_42/metrics.json,proposed/chilli_lite_gfnet/pairwise/B_to_C/seed_42/metrics.json,anchor
220,metrics_path,/home/eecommulab/Documents/BT/Chilli_CrossDataset/results/proposed/chilli_lite_gfnet/pairwise/A_to_B/seed_42/metrics.json,proposed/chilli_lite_gfnet/pairwise/A_to_B/seed_42/metrics.json,anchor
221,metrics_path,/home/eecommulab/Documents/BT/Chilli_CrossDataset/results/baselines/resnet50/pairwise/B_to_A/seed_42/metrics.json,baselines/resnet50/pairwise/B_to_A/seed_42/metrics.json,anchor
222,metrics_path,/home/eecommulab/Documents/BT/Chilli_CrossDataset/results/baselines/resnet50/pairwise/A_to_C/seed_42/metrics.json,baselines/resnet50/pairwise/A_to_C/seed_42/metrics.json,anchor
223,metrics_path,/home/eecommulab/Documents/BT/Chilli_CrossDataset/results/baselines/resnet50/pairwise/C_to_B/seed_42/metrics.json,baselines/resnet50/pairwise/C_to_B/seed_42/metrics.json,anchor
224,metrics_path,/home/eecommulab/Documents/BT/Chilli_CrossDataset/results/baselines/resnet50/pairwise/C_to_A/seed_42/metrics.json,baselines/resnet50/pairwise/C_to_A/seed_42/metrics.json,anchor
225,metrics_path,/home/eecommulab/Documents/BT/Chilli_CrossDataset/results/baselines/resnet50/pairwise/B_to_C/seed_42/metrics.json,baselines/resnet50/pairwise/B_to_C/seed_42/metrics.json,anchor
226,metrics_path,/home/eecommulab/Documents/BT/Chilli_CrossDataset/results/baselines/resnet50/pairwise/A_to_B/seed_42/metrics.json,baselines/resnet50/pairwise/A_to_B/seed_42/metrics.json,anchor
227,metrics_path,/home/eecommulab/Documents/BT/Chilli_CrossDataset/results/baselines/densenet121/pairwise/B_to_A/seed_42/metrics.json,baselines/densenet121/pairwise/B_to_A/seed_42/metrics.json,anchor
228,metrics_path,/home/eecommulab/Documents/BT/Chilli_CrossDataset/results/baselines/densenet121/pairwise/A_to_C/seed_42/metrics.json,baselines/densenet121/pairwise/A_to_C/seed_42/metrics.json,anchor
229,metrics_path,/home/eecommulab/Documents/BT/Chilli_CrossDataset/results/baselines/densenet121/pairwise/C_to_B/seed_42/metrics.json,baselines/densenet121/pairwise/C_to_B/seed_42/metrics.json,anchor
230,metrics_path,/home/eecommulab/Documents/BT/Chilli_CrossDataset/results/baselines/densenet121/pairwise/C_to_A/seed_42/metrics.json,baselines/densenet121/pairwise/C_to_A/seed_42/metrics.json,anchor
231,metrics_path,/home/eecommulab/Documents/BT/Chilli_CrossDataset/results/baselines/densenet121/pairwise/B_to_C/seed_42/metrics.json,baselines/densenet121/pairwise/B_to_C/seed_42/metrics.json,anchor
232,metrics_path,/home/eecommulab/Documents/BT/Chilli_CrossDataset/results/baselines/densenet121/pairwise/A_to_B/seed_42/metrics.json,baselines/densenet121/pairwise/A_to_B/seed_42/metrics.json,anchor
233,metrics_path,/home/eecommulab/Documents/BT/Chilli_CrossDataset/results/baselines/mobilenet_v2/pairwise/B_to_A/seed_42/metrics.json,baselines/mobilenet_v2/pairwise/B_to_A/seed_42/metrics.json,anchor
234,metrics_path,/home/eecommulab/Documents/BT/Chilli_CrossDataset/results/baselines/mobilenet_v2/pairwise/A_to_C/seed_42/metrics.json,baselines/mobilenet_v2/pairwise/A_to_C/seed_42/metrics.json,anchor
235,metrics_path,/home/eecommulab/Documents/BT/Chilli_CrossDataset/results/baselines/mobilenet_v2/pairwise/C_to_B/seed_42/metrics.json,baselines/mobilenet_v2/pairwise/C_to_B/seed_42/metrics.json,anchor
236,metrics_path,/home/eecommulab/Documents/BT/Chilli_CrossDataset/results/baselines/mobilenet_v2/pairwise/C_to_A/seed_42/metrics.json,baselines/mobilenet_v2/pairwise/C_to_A/seed_42/metrics.json,anchor
237,metrics_path,/home/eecommulab/Documents/BT/Chilli_CrossDataset/results/baselines/mobilenet_v2/pairwise/B_to_C/seed_42/metrics.json,baselines/mobilenet_v2/pairwise/B_to_C/seed_42/metrics.json,anchor
238,metrics_path,/home/eecommulab/Documents/BT/Chilli_CrossDataset/results/baselines/mobilenet_v2/pairwise/A_to_B/seed_42/metrics.json,baselines/mobilenet_v2/pairwise/A_to_B/seed_42/metrics.json,anchor
239,metrics_path,/home/eecommulab/Documents/BT/Chilli_CrossDataset/results/baselines/efficientnet_b0/pairwise/B_to_A/seed_42/metrics.json,baselines/efficientnet_b0/pairwise/B_to_A/seed_42/metrics.json,anchor
240,metrics_path,/home/eecommulab/Documents/BT/Chilli_CrossDataset/results/baselines/efficientnet_b0/pairwise/A_to_C/seed_42/metrics.json,baselines/efficientnet_b0/pairwise/A_to_C/seed_42/metrics.json,anchor
241,metrics_path,/home/eecommulab/Documents/BT/Chilli_CrossDataset/results/baselines/efficientnet_b0/pairwise/C_to_B/seed_42/metrics.json,baselines/efficientnet_b0/pairwise/C_to_B/seed_42/metrics.json,anchor
242,metrics_path,/home/eecommulab/Documents/BT/Chilli_CrossDataset/results/baselines/efficientnet_b0/pairwise/C_to_A/seed_42/metrics.json,baselines/efficientnet_b0/pairwise/C_to_A/seed_42/metrics.json,anchor
243,metrics_path,/home/eecommulab/Documents/BT/Chilli_CrossDataset/results/baselines/efficientnet_b0/pairwise/B_to_C/seed_42/metrics.json,baselines/efficientnet_b0/pairwise/B_to_C/seed_42/metrics.json,anchor
244,metrics_path,/home/eecommulab/Documents/BT/Chilli_CrossDataset/results/baselines/efficientnet_b0/pairwise/A_to_B/seed_42/metrics.json,baselines/efficientnet_b0/pairwise/A_to_B/seed_42/metrics.json,anchor
245,metrics_path,/home/eecommulab/Documents/BT/Chilli_CrossDataset/results/baselines/mobilenet_v3_small/pairwise/B_to_A/seed_42/metrics.json,baselines/mobilenet_v3_small/pairwise/B_to_A/seed_42/metrics.json,anchor
246,metrics_path,/home/eecommulab/Documents/BT/Chilli_CrossDataset/results/baselines/mobilenet_v3_small/pairwise/A_to_C/seed_42/metrics.json,baselines/mobilenet_v3_small/pairwise/A_to_C/seed_42/metrics.json,anchor
247,metrics_path,/home/eecommulab/Documents/BT/Chilli_CrossDataset/results/baselines/mobilenet_v3_small/pairwise/C_to_B/seed_42/metrics.json,baselines/mobilenet_v3_small/pairwise/C_to_B/seed_42/metrics.json,anchor
248,metrics_path,/home/eecommulab/Documents/BT/Chilli_CrossDataset/results/baselines/mobilenet_v3_small/pairwise/C_to_A/seed_42/metrics.json,baselines/mobilenet_v3_small/pairwise/C_to_A/seed_42/metrics.json,anchor
249,metrics_path,/home/eecommulab/Documents/BT/Chilli_CrossDataset/results/baselines/mobilenet_v3_small/pairwise/B_to_C/seed_42/metrics.json,baselines/mobilenet_v3_small/pairwise/B_to_C/seed_42/metrics.json,anchor
250,metrics_path,/home/eecommulab/Documents/BT/Chilli_CrossDataset/results/baselines/mobilenet_v3_small/pairwise/A_to_B/seed_42/metrics.json,baselines/mobilenet_v3_small/pairwise/A_to_B/seed_42/metrics.json,anchor
251,metrics_path,/home/eecommulab/Documents/BT/Chilli_CrossDataset/results/baselines/swin_t/pairwise/B_to_A/seed_42/metrics.json,baselines/swin_t/pairwise/B_to_A/seed_42/metrics.json,anchor
252,metrics_path,/home/eecommulab/Documents/BT/Chilli_CrossDataset/results/baselines/swin_t/pairwise/A_to_C/seed_42/metrics.json,baselines/swin_t/pairwise/A_to_C/seed_42/metrics.json,anchor
253,metrics_path,/home/eecommulab/Documents/BT/Chilli_CrossDataset/results/baselines/swin_t/pairwise/C_to_B/seed_42/metrics.json,baselines/swin_t/pairwise/C_to_B/seed_42/metrics.json,anchor
254,metrics_path,/home/eecommulab/Documents/BT/Chilli_CrossDataset/results/baselines/swin_t/pairwise/C_to_A/seed_42/metrics.json,baselines/swin_t/pairwise/C_to_A/seed_42/metrics.json,anchor
255,metrics_path,/home/eecommulab/Documents/BT/Chilli_CrossDataset/results/baselines/swin_t/pairwise/B_to_C/seed_42/metrics.json,baselines/swin_t/pairwise/B_to_C/seed_42/metrics.json,anchor
256,metrics_path,/home/eecommulab/Documents/BT/Chilli_CrossDataset/results/baselines/swin_t/pairwise/A_to_B/seed_42/metrics.json,baselines/swin_t/pairwise/A_to_B/seed_42/metrics.json,anchor
257,metrics_path,/home/eecommulab/Documents/BT/Chilli_CrossDataset/results/baselines/shufflenet_v2_x1_0/pairwise/B_to_A/seed_42/metrics.json,baselines/shufflenet_v2_x1_0/pairwise/B_to_A/seed_42/metrics.json,anchor
258,metrics_path,/home/eecommulab/Documents/BT/Chilli_CrossDataset/results/baselines/shufflenet_v2_x1_0/pairwise/A_to_C/seed_42/metrics.json,baselines/shufflenet_v2_x1_0/pairwise/A_to_C/seed_42/metrics.json,anchor
259,metrics_path,/home/eecommulab/Documents/BT/Chilli_CrossDataset/results/baselines/shufflenet_v2_x1_0/pairwise/C_to_B/seed_42/metrics.json,baselines/shufflenet_v2_x1_0/pairwise/C_to_B/seed_42/metrics.json,anchor
260,metrics_path,/home/eecommulab/Documents/BT/Chilli_CrossDataset/results/baselines/shufflenet_v2_x1_0/pairwise/C_to_A/seed_42/metrics.json,baselines/shufflenet_v2_x1_0/pairwise/C_to_A/seed_42/metrics.json,anchor
261,metrics_path,/home/eecommulab/Documents/BT/Chilli_CrossDataset/results/baselines/shufflenet_v2_x1_0/pairwise/B_to_C/seed_42/metrics.json,baselines/shufflenet_v2_x1_0/pairwise/B_to_C/seed_42/metrics.json,anchor
262,metrics_path,/home/eecommulab/Documents/BT/Chilli_CrossDataset/results/baselines/shufflenet_v2_x1_0/pairwise/A_to_B/seed_42/metrics.json,baselines/shufflenet_v2_x1_0/pairwise/A_to_B/seed_42/metrics.json,anchor
263,metrics_path,/home/eecommulab/Documents/BT/Chilli_CrossDataset/results/baselines/efficientnet_b4/pairwise/B_to_A/seed_42/metrics.json,baselines/efficientnet_b4/pairwise/B_to_A/seed_42/metrics.json,anchor
264,metrics_path,/home/eecommulab/Documents/BT/Chilli_CrossDataset/results/baselines/efficientnet_b4/pairwise/A_to_C/seed_42/metrics.json,baselines/efficientnet_b4/pairwise/A_to_C/seed_42/metrics.json,anchor
265,metrics_path,/home/eecommulab/Documents/BT/Chilli_CrossDataset/results/baselines/efficientnet_b4/pairwise/C_to_B/seed_42/metrics.json,baselines/efficientnet_b4/pairwise/C_to_B/seed_42/metrics.json,anchor
266,metrics_path,/home/eecommulab/Documents/BT/Chilli_CrossDataset/results/baselines/efficientnet_b4/pairwise/C_to_A/seed_42/metrics.json,baselines/efficientnet_b4/pairwise/C_to_A/seed_42/metrics.json,anchor
267,metrics_path,/home/eecommulab/Documents/BT/Chilli_CrossDataset/results/baselines/efficientnet_b4/pairwise/B_to_C/seed_42/metrics.json,baselines/efficientnet_b4/pairwise/B_to_C/seed_42/metrics.json,anchor
268,metrics_path,/home/eecommulab/Documents/BT/Chilli_CrossDataset/results/baselines/efficientnet_b4/pairwise/A_to_B/seed_42/metrics.json,baselines/efficientnet_b4/pairwise/A_to_B/seed_42/metrics.json,anchor
